"Time (s) Run #1","Position (m) Run #1"
36.925,0.00000
54.250,-8.64847E-4
71.725,-0.00172
93.175,-0.00275
108.900,-0.00361
